{
  "testConfig": {
    "timeouts": {
      "defaultCommand": 120000,
      "pageLoad": 100000,
      "wait": 60000,
      "searchWait": 120000,
      "reportWait": 120000
    },
    "urls": {
      "loginPage": "https://gpsandfleet.io/gpsandfleet/client_login.php",
      "matrackBackupLoginPage": "https://www.tracking.matrack.io/gpstracking/adminnew/view/login.php",
      "backupLoginPage": "https://www.tracking.gpsandfleet.io/gpsandfleet/adminnew/view/index.php",
      "backAdminLoginPage": "https://www.gpsandfleet3.net/gpsandfleet/adminnew/view/login.php",
      "mainAdminLoginPage": "https://www.gpsandfleet3.net/gpsandfleet/adminnew/view/login.php",
      "fleetDashboardBackup2": "https://www.tracking.gpsandfleet.io/gpsandfleet/client/shawn.cmstransportation@gmail.com/maps/index2_unified.php",
      "fleetDashcamDashboard2": "https://www.gpsandfleet3.net/gpsandfleet/client/dashcamdemo1/maps/index2.php",
      "fleetDashboard3": "https://www.gpsandfleet3.net/gpsandfleet/client/fleetdemo/maps/index2.php",
      "fleetMainDashboard": "https://www.gpsandfleet3.net/gpsandfleet/client/fleetdemo/maps/index2.php",
      "matrackBackupDashboard": "https://www.tracking.matrack.io/gpstracking/client/DashcamDemo/maps/index2_unified.php",
      "ffBackupDashboard": "https://www.tracking.matrack.io/gpstracking/client/VNMA9275/maps/index2_unified.php",
      "weeklyUtilizationReportPage": "https://www.tracking.gpsandfleet.io/gpsandfleet/client/fleetdemo/maps/index7.php"
    },
    "credentials": {
      "demo": {
        "username": "fleetdemo",
        "password": "12345",
        "usernameBackup": "debjyoti",
        "passwordBackup": "@Debjyoti0411"

      }
    },
    "selectors": {
      "login": {
        "usernameField": "input[name=\"form-username\"]",
        "usernameFieldBackup": "#username",
        "passwordField": "input[type=\"password\"]",
        "passwordFieldBackup": "#password",
        "submitButton": "input[type=\"submit\"], button[type=\"submit\"], .submit, #Submit",
        "submitButtonBackup": ".submit",
        "cllientSubmitButton": ".submit.bt_login",
        "logoutConfirmationButton": "#confirm-userlogoutModal-btn"
      },
      "dashcam": {
        "dashcamMenu": "#bottom-nav-dashcam",
        "dashcamMenu2": "#aDashcamTracking",
        "dashcamRefreshButton": "#bottom-nav-refresh-dashcam",
        "refreshDashcamButton": "#dash-cam-refresh",
        "dashcamRefreshContainer": "#dashcam-refresh-panel",
        "confirmRefreshModal": "#conform-dashcam-refresh-modal",
        "confirmRefreshButton": "#conform-dashcam-refresh",
        "alertReport": "#bottom-nav-alerts",
        "alertReport2": "#aDashAlerts_Jimi",
        "alertReportContainer": "#dashcam-alert-report-panel",
        "alertReportContainer2": "#divDashAlertReportData",
        "alertReportSubmit": "#dashcam-alert-report-submit-btn",
        "alertSettings": "#bottom-nav-alerts-settings",
        "alertSettingsContainer": "#dashcam-alert-settings-panel",
        "allAlerts": "#select-all-alerts",
        "speedLimit": "#txt1",
        "volume": "#enable-volume-btn",
        "saveSettings": "#save-settings-btn",
        "alertsContactButton": "#showcontacts",
        "snapshots": "#bottom-nav-current-photo",
        "snapshotmodal": "#snapshot-modal",
        "conformSnapshotModal":"#conform-snapshot-modal",
        "currentPhotoPopup": "#current-photo-popup",
        "dashcamCard": ".dashcam-card",
        "downloadRearView": ".download-button.road-view-button",
        "downloadDriverView": ".download-button.driver-view-button",
        "dashcamStatus": ".dashcam-card .dashcam-card__status",
        "clearFilter": "button.clear-filter",
        "allButton": ".filter-btn[data-status='all']",
        "trackHistoryMenu": "#bottom-nav-track-history",
        "playBackContainer": "#dashcam-playback-controls-container",
        "trackingWithAlerts": "input[type='radio'][name='dataPoint'][value='withAlert']",
        "trackingWithoutAlerts": "input[type='radio'][name='dataPoint'][value='withoutAlerts']",
        "trackhistorySubmit": "#dashcam-track-history-submit-btn",
        "videoOnDemandMenu": "#bottom-nav-video-request",
        "videoOnDemandPanel": "#video-on-request-panel",
        "DemandStartDate": "#video-on-request-start-date",
        "DemandEndDate": "#video-on-request-end-date",
        "videoOnDemandSubmit": "#video-on-request-submit-btn",
        "cabinView": "#jc400-channel1",
        "dashView": "#jc400-channel2",
        "videoOnDemandTable": "#video-on-request-table",
        "alertReportTable": "#dashcam-alert-report-table",
        "alertReportSaveFileAs": "#dashcam-alert-report-panel .btn.btn--secondary.dropdown__trigger",
        "videoStartDate": "#video-on-request-start-date",
        "videoEndDate": "#video-on-request-end-date",
        "videoOnDemandSaveFileas": "#video-on-request-panel .btn.btn--secondary.dropdown__trigger",
        "liveVideoStreamMenu": "#bottom-nav-live-stream",
        "liveVideoStreamPanel": "#live-video-stream-panel",
        "dashViewCheckbox": "#channel1",
        "cabinViewCheckbox": "#channel2",
        "liveVideoStreamSubmitBtn": "#live-video-stream-submit-btn"
      },
      "navigation": {
        "reportMenu": ".icon.icon--xl.icon--reports",
        "geofencingMenu": ".icon.icon--xl.icon--geofencing",
        "landmarkMenu": ".accordion_button.accordion--nested', 'Landmarks'",
        "trackReportMenu": "#travel-log-report-btn",
        "trackHistoryMenu": ".icon.icon--xl.icon--history",
        "creategeofencingMenu": "#create-geofence-btn",
        "viewDeleteGeofencingMenu": "#view-delete-geofences-btn",
        "createLandmarkMenu": "#create-landmarks-btn",
        "viewDelLandmark": "#view-edit-landmarks-btn",
        "landmarkReportMenu": "#landmarks-report-btn",
        "editLandmarkMenu": "#view-edit-landmarks-btn",
        "settingsMenu": "#account",
        "timezoneMenu": "#change-timezone-btn",
        "devMenu": "#account",
        "listOfDevices": "#devices-btn",
        "currentLocation": "#current-geofence-report-btn",
        "currentLocationReport": "#current-location-report-btn",
        "reportSection": ".icon.icon--xl.icon--reports",
        "accountsMenu": ".icon.icon--xl.icon--account-settings",
        "alertsMenu": ".icon.icon--xl.icon--alerts",
        "userProfileIcon": "#profile-avatar",
        "logoutButton": "#logout-btn"
      },
      "currentLocationReport": {
        "currentLocationContainer": "#current-location-report-panel",
        "currentLocationTable": "#current-location-report-table",
        "currentLocationRows": "#current-location-report-table tbody tr",
        "currentLocationColumns": "#current-location-report-table tbody tr td",
        "searchInput": "#current-location-report-search",
        "paginationNext": ".pagination__next"       
      },
      "landmarkReport": {
        "landmarkReportContainer": "#landmarks-report-panel",
        "landmarkReportTable": "#landmarks-report-table",
        "landmarkReportRows": "#landmarks-report-table tbody tr",
        "landmarkReportColumns": "#landmarks-report-table tbody tr td",
        "searchInput": "#landmarks-report-search",
        "pagination": "#landmarks-report-table_paginate",
        "viewLandmarkButton": ".view-landmark-btn"
      },
      "viewDeleteGeofencing": {
        "viewDeleteContainer": "#view-delete-geofences-modal",
        "geoList": "#geofence-device-select",
        "submitButton": "#view-geofence",
        "controlContainer": "#geofence-controls-container",
        "editButton": "#geofence-edit-btn",
        "inputField": "#geolabel_id",
        "confirmationButton": "#submit-save-confirmation-modal-btn",
        "geoMapList": "#sel_geofence",
        "viewGeofencesModal": ".modal:has-text('View Geofences')",
        "geofenceDeviceSelect": "#geofence-device-select",
        "hideVehicleMarkersCheckbox": "input[type='checkbox']",
        "viewSubmitButton": "button:has-text('Submit')",
        "geofenceInfoOverlay": "#geofence-info-overlay",
        "geofenceInfoName": "#geofence-name1",
        "geofenceInfoRadius": "#geofence-radius",
        "geofenceInfoLocation": "#geofence-location",
        "editGeofenceButton": "#edit-geofence",
        "closeGeofenceOverlay": "#close-geofence-overlay",
        "geofenceNameEdit": "#geofence-name-edit",
        "geofenceRadiusEdit": "#geofence-radius-edit",
        "saveGeofenceEdit": "#save-geofence-edit",
        "cancelGeofenceEdit": "#cancel-geofence-edit",
        "deleteGeofence": "#delete-geofence"
      },
      "changePassword": {
        "changePasswordMenu": "#change-password-btn",
        "changePasswordContainer": "#change-password-panel",
        "oldPassword": "#old-password",
        "newPassword": "#new-password",
        "confirmNewPassword": "#confirm-new-password",
        "submitButton": "#change-password-submit-btn",
        "closeButton": "#change-password-panel .icon--close",
        "profile": "#profile-section",
        "logoutButton": "#logout-btn",
        "confirmLogoutButton": "#confirm-userlogoutModal-btn "
      },
      "viewEditLandmarks": {
        "viewEditContainer": "#view-edit-landmarks-modal",
        "landmarkSelect": "#landmark-select",
        "submitButton": "#view-landmark",
        "hideVehicleMarkersCheckbox": "#hide-vehicle-markers-landmark",
        "landmarkInfoOverlay": "#landmark-info-overlay",
        "landmarkTitleDropdown": "#landmark-title select",
        "editLandmarkButton": "#edit-landmark",
        "closeLandmarkOverlay": "#close-landmark-overlay",
        "landmarkViewMode": "#landmark-view-mode",
        "landmarkName": "#landmark-name1",
        "landmarkRadius": "#landmark-radius",
        "landmarkLocation": "#landmark-location",
        "landmarkEditMode": "#landmark-edit-mode",
        "landmarkNameEdit": "#landmark-name-edit",
        "landmarkRadiusEdit": "#landmark-radius-edit",
        "saveLandmarkEdit": "#save-landmark-edit",
        "deleteLandmark": "#delete-landmark"
      },
      "weeklyAfterHour": {
        "weeklyAfterHourMenu": "#weekly-alert-summary-btn",
        "weeklyAfterHourReportContainer": "#weekly-alert-report-panel",
        "previousReportButton": "#previous-week-btn",
        "getweeklyReport": "#weekly-alert-report-table",
        "weeklyAfterHourTableHeaders": [
        "Date",
        "Actively Transmitting",
        "Engine Off",
        "Idling",
        "Outside Hours",
        "Hard Acceleration",
        "Hard Braking",
        "Speed Violation",
        "Not Updated",
        "Summary"
      ],
        "alertsOverview": "#alerts-overview-panel",
        "searchInput": "#weekly-alert-report-search",
        "alertSearch": "#alerts-overview-search"
      },
      "modal": {
        "container": "#travel-log-report-panel",
        "geofencingContainer": "#add-new-geofence-modal",
        "landmarkContainer": "#create-landmark-modal",
        "trackHistoryContainer": "#playback-controls-container",
        "title": "#travel-log-report-panel .header__title",
        "geofencingTitle": "#add-new-geofence-modal #add-new-geofence-modal-title",
        "landmarkTitle": "#create-landmark-modal .modal-header",
        "trackHistoryTitle": "#divTrackHistory .modal-title",
        "expectedTitle": "Travel Log Report ",
        "expectedGeofencingTitle": "Create Geofencing Area ",
        "expectedLandmarkTitle": "Create Landmarks",
        "expectedTrackHistoryTitle": "Track History",
        "timezoneContainer": "#change-timezone-panel",
        "timezoneTitle": "#change-timezone-panel .header__title"
      },
      "tlr": {
        "dateRange": "#travel-log-report-panel #date-range-picker",
        "searchDevice": "#travel-log-report-panel #select2-driver-list-container",
        "submitButton": "#travel-log-report-panel #submit-btn"
      },
      "addEditmaintenance": {
        "addEditmaintenanceMenu": "#add-edit-maintenance-btn",
        "addEditmaintenancepanel": "#add-edit-maintenance-contact-panel",
        "maintenanceEmailInput": "#maintenance-email-input",
        "submitBtn": "#add-edit-maintenance-contact-submit-btn",
        "mainTable": "#maintenance-email-table",
        "dltBtn": ".icon.icon--md.icon--trash",
        "sort": "#maintenance-email-table .icon.icon--sort"
      },
      "last24hrs": {
        "last24hrsMenu": "#bottom-nav-last-24-hours",
        "last24hrsContainer": "#travel-log-report-panel",
        "last24hrsDriverSelect": "div.submenu-item-content.last-24-hours-submenu-item[data-name='Sales car1']",
        "searchInput": "#last-24-hours-table_filter input[type=\"search\"]"
      },
      "realTimeTracking":{
        "realTimeTrackingMenu": "#bottom-nav-realtime"
      },
      "getSupport": {
        "getSupportMenu": "#bottom-nav-support1",
        "getSupportContainer": "#support-team-panel",
        "firstName": "#first-name",
        "lastName": "#last-name",
        "email": "#email",
        "phone": "#phone",
        "comments": "#comments",
        "submitButton": "#support-team-submit-btn"
        
      },
      "tlrFooter": {
        "tlrMenu": "#bottom-nav-travel-log",
        "subgroupsMenu": "#bottom-nav-subgroups"
      },
      "afterHoursSettings": {
        "afterHoursMenu": "#after-hours-settings-btn",
        "AfterHoursSettingsModal": "#after-hours-settings-panel",
        "afterHoursSearchDriver": "#after-hours-settings-panel #select2-vehicle-select-container",
        "advanced_settings_toggle": "#advanced-settings-toggle",
        "advancedSettings": "#advanced_settings_toggle",
        "advancedsettingscontent": "#advanced-settings-content",
        "UnlimitedTimeLimit": "input[type='checkbox'][id='working-limit-check']",
        "outside_hrs": "input[type='time'].input-style.outside_hrs",
        "idling_hrs": "input[type='time'].input-style.idling_hrs",
        "stopDurationUnlimited": "input[type='checkbox'][id='stop-duration-check']",
        "noOfStops": "input[type='text'].input-style.stop_count",
        "postedSpeed": "input[type='text'].input-style.postSpeedLimit",
        "submitButton": "#after-hours-settings-submit-btn",
        "customDays": "input[type='radio'][name='working-hours'][value='custom-days']"
      },
      "afterHoursInsights": {
        "afterHoursInsightsMenu": "#after-hours-insights-btn",
        "afterHoursInsightsContainer": "#after-hours-insights-panel",
        "afterHoursInsightsTable": "#after-hours-insights-table",
        "afterHoursInsightsRows": "#after-hours-insights-table tbody tr",
        "afterHoursInsightsColumns": "#after-hours-insights-table tbody tr td",
        "pagination": "#after-hours-insights-table_paginate",
        "searchInput": "#after-hours-insights-search",
        "calendarButton": "#after-hours-insights-panel-calendar-btn",
        "submitButton": "#load-after-hours-data"
      },
      "afterHoursSummary": {
        "afterHoursSummaryMenu": "#after-hours-summary-btn",
        "afterHoursSummaryContainer": "#after-hours-summary-panel",
        "after_hours_summary_select_date": "#after-hours-summary-select-date",
        "submitButton": "#load-date-data",
        "showDetailsButton": "#after-hours-details-btn"
        
      },
      "viewEditUser": {
        "viewEditMenu": "#view-edit-users-btn",
        "viewEditContainer": "#view-edit-users-panel",
        "addNewUserButton": "#addUserBtn",
        "viewEditPassword": "#view-edit-users-panel input[type='password'][id='password']",
        "viewEditUsername": "#username",
        "addEmail": "#userForm #email",
        "SpecificDevicesOnly": "#view-edit-users-panel input[type='checkbox'][id='perm-assign-device']",
        "changeAlertSettings": "#view-edit-users-panel input[type='checkbox'][id='perm-settings']",
        "viewTracking": "#view-edit-users-panel input[type='checkbox'][id='perm-tracking']",
        "viewReports": "#view-edit-users-panel input[type='checkbox'][id='perm-reports']",
        "addUserSubmitButton": "#saveBtn",
        "closeButton": "#close-credentials-btn",
        "SendmailButton": "#confirm-mailconfirm-btn",
        "EditDeleteTab": "[data-tab='edit-user-permissions'], button:has-text('Edit'), button:has-text('Delete'), .tab:has-text('Edit')",
        "searchUser": "#searchUsers",
        "userItem": ".user-item",
        "pencilIcon": "button.user-permissions-edit",
        "editUserModal": "#contentBody",
        "editAlertSettings": "#perm-settings",
        "editAccessReports": "#perm-reports",
        "editSpecificDevices": "#perm-assign-device",
        "saveEditUser": "#saveBtn",
        "EditSubuser": "#editBtn",
        "deleteButton": "#deleteBtn",
        "accessTypeDropdown": "#accessType",
        "listItem": "#deviceList .device-item",
        "confirmDelete": "#confirm-delete-user",
        "subuserSelect": "#edit-subuser-group #subuser-select"
      },
      "timezoneSelection": {
        "selectedTimezonHead": ".currentTimeZone",
        "timezoneDropdown": "#divChangeTimezone col-sm-6",
        "timezoneOptions": "input[type='radio'][name='optradio'][value='5']",
        "saveButton": "#change-timezone-submit-btn"
      },
      "geofencingInput": {
        "addressField": "#geofence-address",
        "descriptionField": "#geofenceDescription",
        "radiusField": "#geofence-radius",
        "nameField": ".ui-menu-item",
        "submitButton": "#submit-add-new-geofence-modal-btn",
        "geofenceName": "#geofence-name",
        "saveConfirmation": "#saveConfirmation",
        "confirmButton": "#submit-save-confirmation-modal-btn",
        "viewDelGeo": "#view-delete-geofences-btn",
        "editGeoModal": "#edit-geofence-modal",
        "editSubmitButton": "#submit-edit-geofence-modal-btn",
        "previewOverlay": "#geofence-preview-overlay",
        "previewOverlayContent": ".geofence-info-overlay__content",
        "previewNameValue": "#geofence-preview-overlay .geofence-info-overlay__content-item:nth-child(1) .value",
        "previewRadiusValue": "#geofence-preview-overlay .geofence-info-overlay__content-item:nth-child(2) .value",
        "previewAddressValue": "#geofence-preview-overlay .geofence-info-overlay__content-item:nth-child(3) .value",
        "previewCancelButton": "#geofence-preview-overlay button:has-text('Cancel')",
        "previewSaveButton": "#geofence-preview-overlay button:has-text('Save')",
        "mapRadiusLabel": "div[style*='text-align: center'][style*='color: rgb(203, 56, 56)']"
      },
      "landmarkInput": {
        "addressField": "#landmark-address",
        "nameField": ".ui-menu-item",
        "radiusField": "#landmark-radius",
        "landmarkName": "#landmark-name",
        "submitButton": "#submit-landmark",
        "viewDelLandmark": "#view-edit-landmarks-btn",
        "landmarkList": "#landmarks-list"
      },
      "dateSelection": {
        "startDateInput": "input.form-control.startDate",
        "datePicker": ".datepicker-days",
        "daySelector": "td.day:not(.old):not(.new)"
      },
      "trackHistoryDateSelection": {
        "startDateInput": "#divTrackHistory input.form-control.startDate",
        "endDateInput": "#divTrackHistory input.form-control.endDate",
        "datePicker": ".datepicker-days",
        "daySelector": "td.day:not(.old):not(.new)"
      },
      "driverCard": {
        "trackInfoMenu": "#track-info-display-btn",
        "driverCardCheckbox": "input[type='radio'][id='check4'][name='infobox'][value='sidePanel']",
        "standardCheckbox": "input[type='radio'][id='check0'][name='infobox'][value='regular']",
        "submitButton": "#track-info-display-submit-btn",
        "driverCardPanel": "#driver-card-panel",
        "driverSearchInput": "#drivers-search",
        "driverCardArrow": ".icon--minimize",
        "showDriverCardButton": "#show-driver-card-btn",
        "showDriverCard": "#bottom-nav-drivercard-show",
        "card": ".driver-card",
        "driverName": ".popup-header__name",
        "driverSort": "#drivers-sort"
        
      },
      "stateMileageReport": {
        "stateMileageMenu": "#state-mileage-report-btn",
        "stateMileageContainer": "#state-mileage-report-panel",
        "vehicleDropdown": "#vehicle-select",
        "vehicleOption": ".select2-results__option",
        "allDevicesCheckbox": "#all-devices-checkbox",
        "startDateInput": "#state-mileage-start-date",
        "endDateInput": "#state-mileage-end-date",
        "submitButton": "#state-mileage-report-submit-btn",
        "reportTable": "#state-mileage-requests-table",
        "reportRows": "#state-mileage-requests-table tbody tr",
        "reportColumns": "#state-mileage-requests-table tbody tr td",
        "viewReportButton": "button.btn.btn--text.view-report-btn",
        "mileageDataModal": "#state-mileage-data-modal",
        "closeButton": "#state-mileage-data-modal .btn--icon.close-modal",
        "refreshButton": "#state-mileage-report-refresh-btn"
      },
      "thirtyDayMileageReport": {
        "thirtyDayMileageMenu": "[id='30-day-mileage-report-btn']",
        "thirtyDayMileageContainer": "#thirty-day-mileage-report-panel",
        "vehicleDropdown": "#vehicle-select",
        "vehicleOption": ".select2-results__option",
        "allDevicesCheckbox": "#thirty-day-all-checkbox",
        "calendarButton": "#thirty-day-mileage-report-panel-calendar-btn",
        "startDateInput": "[id='30-day-mileage-start-date']",
        "endDateInput": "[id='30-day-mileage-end-date']",
        "submitButton": "#generate-thirty-day-report",
        "firstReportRows": "#thirty-day-report-table tbody tr",
        "reportTable": "[id='thirty-day-report-table-2']",
        "thirtyDayModal":"[id='thirty-day-mileage-report-panel-2']",
        "reportRows": "[id='thirty-day-report-table-2'] tbody tr",
        "reportColumns": "[id='thirty-day-report-table-2'] tbody tr td",
        "reportHeaders": "[id='thirty-day-report-table-2'] thead tr th",
        "searchInput": "[id='thirty-day-report-actions-search-2']",
        "closeButton": "[id='thirty-day-mileage-report-panel-2'] .icon--close",
        "searchInput1": "#thirty-day-report-actions-search"

      },
      "tripReport": {
        "tripReportMenu": "#trip-report-btn",
        "tripReportContainer": "#trip-report-panel",
        "driverSelect": "#trip-report-device-select",
        "submitBtn": "#generate-trip-report",
        "selectDate": "#trip-report-select-date",
        "tripReportTable": "#trip-report-table tbody tr",
        "entry": "#trip-reportentries"
      },
      "lowVoltage":{
        "lowVoltageMenu": "#low-voltage-device-report-btn",
        "lowVoltageContainer": "#low-voltage-device-report-panel"
      },
      "engineOnReport": {
        "engineOnMenu": "#engine-on-report-btn",
        "engineOnContainer": "#engine-on-report-panel",
        "vehicleDropdown": "#vehicle-select",
        "vehicleOption": ".select2-results__option",
        "startDateInput": "#engine-on-start-date",
        "endDateInput": "#engine-on-end-date",
        "submitButton": "#engine-on-report-submit-btn",
        "searchInput": "#engine-on-report-search"
      },
      "idlingReport": {
        "idlingMenu": "#idling-report-btn",
        "idlingContainer": "#idling-report-panel",
        "vehicleDropdown": "#vehicle-select",
        "vehicleOption": ".select2-results__option",
        "startDateInput": "#idling-start-date",
        "endDateInput": "#idling-end-date",
        "submitButton": "#idling-report-submit-btn",
        "searchInput": "#idling-report-search"
      },
      "driverSafetyReport": {
        "driverSafetyMenu": "#driver-safety-report-btn",
        "driverSafetyContainer": "#driver-safety-report-panel",
        "vehicleDropdown": "#vehicle-select",
        "vehicleOption": ".select2-results__option",
        "startDateInput": "#driver-safety-start-date",
        "endDateInput": "#driver-safety-end-date",
        "submitButton": "#driver-safety-report-submit-btn",
        "searchInput": "#driver-safety-report-search",
        "reportTable": "#driver-safety-report-table",
        "reportRows": "#driver-safety-report-table tbody tr",
        "driverModal": "#driver-safety-report-modal",
        "safetyScore": ".safety-report__score-value"
      },
      "postedSpeedReport": {
        "postedSpeedMenu": "#posted-speed-report-btn",
        "postedSpeedContainer": "#posted-speed-report-panel",
        "vehicleDropdown": "#posted-speed-vehicle-select",
        "vehicleOption": ".select2-results__option",
        "DateInput": "#posted-speed-report-panel-calendar-btn",
        "submitButton": "#submit-posted-speed-report",
        "refresh": "#posted-speed-report-submit-btn",
        "searchInput": "#select2-posted-speed-vehicle-select-container",
        "searchInput2": "#posted-speed-report-actions-search",
        "searchResult": ".select2-results__option",
        "limit": "#posted-speed-limit",
        "viewDetails": "a.viewDetailsWithMap",
        "edit": "a.editSpeed",
        "delete": "a.delSpeed",
        "reportPanel": "#posted-speed-map-report-panel",
        "reportPanelClose": "#posted-speed-map-report-panel .icon--close",
        "editModal": "#posted-speed-one-modal",
        "delButton": "#posted-delete-report-modal .delete.btn.btn--danger",
        "speedLimitInput": "#txtSpeed",
        "editSubmitButton": "#submit-posted-speed-one-modal-btn",
        "reportTable": "#posted-speed-report-table",
        "reportRows": "#posted-speed-report-table tbody tr",
        "searchDevice": "#posted-speed-report-panel .select2-selection",
        "reportColumns": "#posted-speed-report-table tbody tr td"
      },
      "vehicleSelection": {
        "dropdown": ".select2-selection",
        "options": ".select2-results__option"
      },
      "trackHistoryVehicleSelection": {
        "dropdown": "#divTrackHistory .select2-selection",
        "options": ".select2-results__option"
      },
      "report": {
        "submitButton": "#travel-log-report-panel #submit-btn",
        "limitedReport": "#reports-map",
        "normalReport": "#track-report",
        "travelLogReportMapTable": "#travel-log-report-map-table",
        "travelLogReportTable": "#travel-log-report-table",
        "tlrTab": "button[data-tab='track-report']",
        "searchInput": "#travel-log-report-search",
        "engineIdlingCHeckbox": "#engine-idiling-events",
        "tableRows": "#travel-log-report-table tbody tr",
        "dwellTimeColumn": "#travel-log-report-table tbody tr td:nth-child(6)",
        "pagination": "#track-report .pagination__controls",
        "analyticsSection": ".accordion__button__label"
      },
      "ExitReport": {
        "exit": "#exit-report-btn",
        "exitReport": "#exit-report-panel",
        "getLatestExitReport": "#get-latest-report-btn",
        "exitReportContainer": "#divExitReport",
        "exitReportTitle": "#divExitReport .modal-title",
        "exitReportTable": "#tblExitReport",
        "exitReportRows": "#tblExitReport tbody tr",
        "exitReportColumns": "#tblExitReport tbody tr td",
        "pagination": "#tblExitReport_paginate",
        "viewReportBtn": "a.view-report-btn",
        "LandmarkExitStatistics": "#exit-report-content",
        "searchInput": "#exit-report-search"
      },
      "dayOfWeek": {
        "dayOfWeekMenu": "#day-of-the-week-report-btn",
        "dayOfWeekReportContainer": "#day-of-week-report-panel",
        "getLatestDayOfWeekReport": "#get-latest-day-report-btn",
        "dayOfWeekReportTable": "#day-requests-table",
        "dayOfWeekReportRows": "#day-requests-table tbody tr",
        "dayOfWeekReportColumns": "#day-requests-table tbody tr td",
        "pagination": "#next-page",
        "paginationPrevious": "#prev-page",
        "viewExitsReport": "#day-of-week-report-table",
        "searchInput": "#day-of-week-report-search"
      },
      "devList": {
        "container": "#devices-panel",
        "title": "#devices-panel .header__title",
        "deviceTable": "#devices-table",
        "deviceRows": "#devices-table tbody tr",
        "idColumn": "#devices-table tbody tr td:nth-child(1)",
        "imeiColumn": "#devices-table tbody tr td:nth-child(2)",
        "deviceTypeColumn": "#devices-table tbody tr td:nth-child(4)",
        "deviceNameColumn": "td:nth-child(4)",
        "addedOnColumn": "#devices-table tbody tr td:nth-child(6)",
        "notesColumn": "#devices-table tbody tr td:nth-child(7)",
        "renewalDateColumn": "#devices-table tbody tr td:nth-child(8)",
        "pagination": "#devices-pagination",
        "pdfButton": ".buttons-pdf",
        "excelButton": ".buttons-excel",
        "csvButton": ".buttons-csv",
        "printButton": ".buttons-print",
        "copyButton": ".buttons-copy",
        "searchInput": "#devices-search",
        "editNotesButton": ".icon.icon--edit.device-edit",           
        "notesInput": "input.notes-edit",          
        "submitNotesButton": ".btn-save-notes",
        "closeBtn": "#devices-panel .icon--close"

      },
      "addEditDevice": {
        "accountsMenu": "#account",
        "addEditDriverMenu": "#add-edit-device-btn",
        "addEditDriverModal": "#add-edit-device-panel",
        "newDeviceName": "#new-device-name",
        "addDeviceBtn": "#add-device-btn",
        "editTab": "button[data-tab='edit']",
        "addTab": "button[data-tab='add']",
        "vehicleDropdown": "#device-select",
        "vehicleOption": ".select2-results__option",
        "deviceNameInput": "#edit-device-name",
        "iconCategoryDropdown": "#selIconCategory",
        "pulsingIconCheckbox": "#show-pulsing-icon",
        "iconCategoryAdd": "#icon-category-add",
        "iconCategoryEdit": "#icon-category-edit",
        "iconRadioButtonAdd": "input[type='radio'][name='icon-icon-grid-add']",
        "iconRadioButton": "input[type='radio'][name='icon-icon-grid-edit']",
        "updateDeviceButton": "#update-device-btn",
        "closeButton": "#add-edit-device-panel .icon--close",
        "driverCard": "#driver-card-panel",
        "searchInput": "#drivers-search",
        "driverCardName": ".driver-card__name",
        "removeDeviceButton": "#remove-device-btn",
        "confirmationModal": "#delete-device-modal",
        "confirmDeleteButton": "#confirm-delete-device",
        "uploadIconButton": "#upload-icon-btn",
        "customIconModal": "#image-upload-modal",
        "selectImageButton": ".image-upload-modal__upload-section button",
        "customIconFileInput": "#image-upload-modal input[type='file']",
        "zoomMinusButton": ".image-upload-modal__zoom-controls button:first-child",
        "zoomPlusButton": ".image-upload-modal__zoom-controls button:last-child",
        "zoomSlider": ".image-upload-modal__zoom-controls input[type='range']",
        "sizeSlider": ".image-upload-modal__size-controls input[type='range']",
        "sizeValue": ".image-upload-modal__size-controls span",
        "cropCanvas": "#modal-crop-canvas",
        "previewSection": ".image-upload-modal__preview",
        "saveIconButton": ".image-upload-modal button.btn-primary",
        "cancelIconButton": ".image-upload-modal button.btn-secondary",
        "customIconModalClose": ".image-upload-modal .close"
      },
      "pulsingIcon": {
        "pulsingIconMenu": "#preferences-btn",
        "pulsingIconContainer": "#user-preferences-panel",
        "pulsingTypeDropdown": "#marker-scale",
        "pulsingIconSubmitButton": "#save-settings"
      },
      "scheduledReport": {
        "scheduledReportMenu": "#scheduled-reports-btn",
        "scheduledReportContainer": "#scheduled-reports-panel",
        "addNewAlert": "#scheduled-reports-email-input",
        "blockedSatelliteCheckbox": "#scheduled-reports-panel input[type=\"checkbox\"][id=\"blocked-satellite-signals\"]",
        "geofenceReports": "#scheduled-reports-panel input[type=\"checkbox\"][id=\"geofence-reports\"]",
        "weeklyAlertSummaryCheck": "#scheduled-reports-panel input[type=\"checkbox\"][id=\"weekly-alert-summary\"]",
        "fifteenOutsideGeo": "#scheduled-reports-panel input[type=\"checkbox\"][id=\"fifteen-days-outside-geofence\"]",
        "fifteenInsideGeo": "#scheduled-reports-panel input[type=\"checkbox\"][id=\"fifteen-days-inside-geofence\"]",
        "thirtyOutsideGeo": "#scheduled-reports-panel input[type=\"checkbox\"][id=\"thirty-days-outside-geofence\"]",
        "thirtyInsideGeo": "#scheduled-reports-panel input[type=\"checkbox\"][id=\"thirty-days-inside-geofence\"]",
        "sixtyOutsideGeo": "#scheduled-reports-panel input[type=\"checkbox\"][id=\"sixty-days-outside-geofence\"]",
        "sixtyInsideGeo": "#scheduled-reports-panel input[type=\"checkbox\"][id=\"sixty-days-inside-geofence\"]",
        "checkin": "#scheduled-reports-panel input[type=\"checkbox\"][id=\"check-in-reports\"]",
        "addNewReportButton": "#btnAddNewReport",
        "reportNameInput": "#txtReportName",
        "reportTypeDropdown": "#selReportType",
        "reportFrequencyDropdown": "#selFrequency",
        "submitBtn": "#add-email",
        "emailInput": "#scheduled-reports-panel input[id=\"txtEmail1\"][type=\"email\"]",
        "selectTime": "#scheduled-reports-panel input[type=\"time\"][id=\"time-input\"]",
        "setTimeBtn": "#set-time",
        "EditOption": "#scheduled-reports-panel .tabs button[data-tab='edit']",
        "EditTable": "#scheduled-reports-table"
      },
      "weeklyAlertRep": {
        "settingsMenu": "#aSettings",
        "weeklyAlertMenu": "#aAlertSummary",
        "weeklyAlertReportContainer": "#divDailyAlertReportData",
        "viewAlertSettingsButton": "#viewAlertSettings",
        "alertSettingsContainer": "#container_Alerts",
        "saveAlertChangesButton": "#saveAlertChanges",
        "closeAlertSettingsButton": "#container_Alerts .btn.btn-default"
        
      },
      "UtilizationReport": {
        "utilizationMenu": "#utilization-report-btn",
        "utilizationReportContainer": "#utilization-report-panel",
        "utilizationSubmitBtn": "#utilization-report-submit-btn",
        "datePicker": "#utilization-report-panel #date-range-picker",
        "viewAlertSettingsButton": "#viewAlertSettings",
        "reportContent": "#utilization-report-content",
        "saveAlertChangesButton": "#saveAlertChanges",
        "requestTable": "#utilization-requests-table",
        "utilizationReportPage": "https://www.tracking.gpsandfleet.io/gpsandfleet/client/fleetdemo/maps/index7.php",
        "utilizationReportStartDate": ".flatpickr-day[aria-label='June 1, 2025']",
        "utilizationReportEndDate": ".flatpickr-day[aria-label='June 30, 2025']",
        "searchInput": "#utilization-report-search"
        
      },
      "waterProof": {
        "waterProofMenu": "#bottom-nav-waterproof-locate-now",
        "waterProofContainer": "#waterproof-locate-now-panel",
        "locate_now_btn": "#locate-now-btn",
        "H_ib_body": ".H_ib_body",
        "infoboxName": ".popup-header__name-section"
      },
      "weeklyUtilizationReport": {
        "weeklyUtilizationMenu": "#vehicle-utilization-report-btn",
        "weeklyUtilizationReportContainer": "#divWeeklyUtilizationReportData",
        "viewAlertSettingsButton": "#viewAlertSettings",
        "alertSettingsContainer": "#container_Alerts",
        "saveAlertChangesButton": "#saveAlertChanges",
        "reportDate": "#reportDate",
        "totalTrackers": "#totalTrackers",
        "trackersModal": "#trackersModal",
        "searchDriver": "#trackersModal input[aria-controls='driversTable']",
        "trackersTableBody": "#trackersTableBody",
        "deviceModal": "#deviceModal",
        "deviceModalcloseButton": "#deviceModal .btn-close",
        "modalDriverName": "#modalDriverName",
        "report_container": ".report-container",
        "vehicleSearchInput": "#vehicleAnalyticsTable_filter input[type=\"search\"]",
        "vehicleTableBody": "#vehicleTableBody"
      },
      "monthlyUtilizationReport": {
        "monthlyUtilizationMenu": "#vehicle-utilization-report-btn",
        "monthlyUtilizationReportContainer": ".report-container",
        "viewAlertSettingsButton": "#viewAlertSettings",
        "alertSettingsContainer": "#container_Alerts",
        "saveAlertChangesButton": "#saveAlertChanges",
        "reportDate": "#reportDate",
        "totalTrackers": "#totalTrackers",
        "trackersModal": "#trackersModal",
        "searchDriver": "#trackersModal input[aria-controls='driversTable']",
        "trackersTableBody": "#trackersTableBody",
        "deviceModal": "#deviceModal",
        "deviceModalcloseButton": "#deviceModal .btn-close",
        "modalDriverName": "#modalDriverName",
        "report_container": ".report-container",
        "vehicleSearchInput": "#vehicleAnalyticsTable_filter input[type=\"search\"]",
        "vehicleTableBody": "#vehicleTableBody"
      },
      "subGroup": {
        "subgroupsMenu": "#subgroups-btn",
        "subgroupsContainer": "#subgroups-panel",
        "subgroupSearch": "#subgroups-panel .subgroups__search",
        "infoSubgroups": "#subgroups-panel .infoSubgroups",
        "subgroup_name_modal": "#subgroup-name-modal",
        "back_to_subgroups_btn": "#back-to-subgroups-btn",
        "bottomSubGroupButton": "#aBottomSubGroup",
        "bottomHidePanel": ".bottomhide",
        "dropdownMenu": ".dropdown-menu.dropup.subGroup",
        "dropdownMenuItems": ".dropdown-menu.dropup.subGroup li",
        "subGroupNameLink": ".aSubGroupName",
        "viewEditSubGroupButton": "#aViewEditSubGroup",
        "trashButton": ".subgroups-delete .icon--trash",
        "newSubGroupNameInput": "input#subgroup-name-input",
        "addSubGroupButton": "#add-subgroup-btn",
        "addSubmitButton": "#submit-subgroup-btn",
        "editSubGroupSelect": ".editSubGroup select.form-control",
        "removeSubGroupSelect": ".removeSubGroup select.form-control",
        "removeSubGroupButton": "#confirm-delete-subgroup-btn",
        "closeButton": "#subgroups-header .icon--close"
      },
      "weeklyAlert": {
        "settingsMenu": "#aSettings",
        "weeklyAlertMenu": "#aAlertSummary",
        "weeklyAlertReportContainer": "#divDailyAlertReportData",
        "viewAlertSettingsButton": "#viewAlertSettings",
        "alertSettingsContainer": "#container_Alerts",
        "saveAlertChangesButton": "#saveAlertChanges"
      },
      "maintenanceReport": {
        "maintmenu": "#maintenance-report-btn",
        "showVehicleReportModal": "#maintenance-report-panel",
        "entries": "#maintenance-reportentries",
        "closeButton": "#btnCloseMaintenanceReport",
        "copy": "#maintenance-report-panel button.btn.btn--secondary",
        "search": "#maintenance-report-search",
        "table": "'#maintenance-report-table tbody tr'",
        "dropdownMaint": ".dropdown__trigger",
        "exportBtns": ".dropdown__content button",
        "trigger": ".dropdown__trigger"
      },
      "currentGeofenceReport": {
        "currentGeofenceMenu": "#current-geofence-report-btn",
        "currentGeofenceContainer": "#current-geofence-report-panel",
        "geofenceTable": "#current-geofence-table",
        "geofenceStatus": "#current-geofence-status-filter",
        "geoSubgroupFilter": "#current-geofence-subgroup-filter",
        "geofenceStatusColumn": "#current-geofence-report-table tbody tr td:nth-child(4)",
        "geofenceNameColumn": "#current-geofence-report-table tbody tr td:nth-child(3)",
        "geoDeviceName": "#current-geofence-report-table tbody tr td:nth-child(1)",
        "geofenceName": "#current-geofence-geofence-filter",
        "geofenceRows": "#current-geofence-table tbody tr",
        "geofenceColumns": "#current-geofence-table tbody tr td",
        "copyButton": "button.btn.btn--secondary",
        "searchInput": "#current-geofence-report-search",
        "saveFileAs": "#current-geofence-report-panel button.dropdown__trigger",
        "excelButton": ".dropdown__content .dropdown__item span",
        "pdfButton": ".dropdown__content .dropdown__item span",
        "csvButton": ".dropdown__content .dropdown__item span"
      },
      "weeklyGeofenceReport": {
        "weeklyGeofencingMenu": "#weekly-geofence-report-btn",
        "weeklyGeofencingContainer": "#weekly-geofence-report-panel",
        "dateRangePicker": "#weekly-geofence-date-range",
        "geofenceTable": "#weekly-geofencing-table",
        "geofenceRows": "#weekly-geofencing-table tbody tr",
        "geofenceColumns": "#weekly-geofencing-table tbody tr td",
        "copyButton": "button.btn.btn--secondary",
        "weeklyGeofenceVehicleFilter": "#weekly-geofence-vehicle-filter",
        "viewChartButton": "#weekly-geofence-view-chart",
        "DeviceNameCol": "#weekly-geofence-table tbody tr td:nth-child(1)",
        "geofenceChart":"#geofence-pie-chart-modal",
        "vehicleSelect": "#pie-chart-vehicle-select",
        "closeButton": "#close-pie-chart-modal",
        "searchInput": "#weekly-geofence-report-search",
        "exportButton": ".dropdown__trigger",
        "saveFileAs": "#weekly-geofence-report-panel button.dropdown__trigger",
        "excelButton": ".dropdown__content .dropdown__item span",
        "pdfButton": ".dropdown__content .dropdown__item span",
        "csvButton": ".dropdown__content .dropdown__item span"
      },
      "recentGeofenceReport": {
        "recentGeofenceMenu": "#recent-geofence-report-btn",
        "submitButton": "#recent-geofence-submit",
        "recentGeofenceContainer": "#recent-geofence-report-panel",
        "dateRangePicker": "#recent-geofence-date-range",
        "geofenceTable": "#recent-geofencing-table",
        "geofenceRows": "#recent-geofencing-table tbody tr",
        "geofenceColumns": "#recent-geofencing-table tbody tr td",
        "copyButton": "button.btn.btn--secondary",
        "recentGeofenceVehicleFilter": "#recent-geofence-vehicle-filter",
        "viewChartButton": "#recent-geofence-view-chart",
        "DeviceNameCol": "#recent-geofencing-table tbody tr td:nth-child(1)",
        "geofenceChart":"#geofence-pie-chart-modal",
        "vehicleSelect": "#pie-chart-vehicle-select",
        "closeButton": "#close-pie-chart-modal",
        "searchInput": "#recent-geofence-report-search",
        "exportButton": ".dropdown__trigger",
        "saveFileAs": "#recent-geofence-report-panel button.dropdown__trigger",
        "excelButton": ".dropdown__content .dropdown__item span",
        "pdfButton": ".dropdown__content .dropdown__item span",
        "csvButton": ".dropdown__content .dropdown__item span"
      },
      "viewVehicleService": {
        "settingsMenu": "#aSettings",
        "currMileage": "#current-mileage",
        "addMileageButton": "#add-mileage",
        "viewVehicleServiceMenu": "#view-vehicle-service-btn",
        "vehicleServiceModal": "#view-vehicle-service-panel",
        "vehicleDropdown": "#view-vehicle-service-panel #device-select",
        "vehicleOption": ".select2-results__option",
        "addServiceTypeButton": "#add-new-service",
        "editServiceModal": "#vehicle-service-form-panel",
        "serviceTypeInput": "#txtServiceType",
        "lastServiceMileageInput": "#txtLastServiceMileage",
        "mileageFrequencyInput": "#txtmileageFrequency",
        "daysFrequencyInput": "#txtDaysFrequency",
        "notesInput": "#textNotes",
        "submitServiceButton": "#btnSubmitService",
        "showVehicleReportButton": "#view-report",
        "searchServiceInput": "#view-service-search",
        "serviceReportModal": "#maintenance-report-panel",
        "closeServiceReportButton": "#maintenance-report-panel .icon--close",
        "serviceTypeColumn": "#vehicle-service-report-table tbody tr td:nth-child(2)",
        "closePanel": ".close-panel-frame",
        "closeVehicleServiceButton": "#close_vehicleservice"
      },
      "alertsContact": {
        "settingsMenu": "#aSettings",
        "alertsSettingsMenu": "#alerts-contacts-btn",
        "alertContactModal": "#alerts-contacts-panel",
        "alertsContactButton": "#alerts-contacts-btn-1",
        "showMoreButton": "#showmorealerts",
        "emailInput": "#alerts-email-input",
        "addEmailButton": "#save-alerts-contacts",
        "closeButton": "#alerts-contacts-panel .icon--close",
        "emailContactList": "#email-contacts-table",
        "phoneContactList": "#phone-contacts-table",
        "advanced_settings_toggle": "#advanced-settings-toggle",
        "emailTab": "#alerts-contacts-panel button[data-tab='email']",
        "phoneNumberTab": "#alerts-contacts-panel .tabs__btn button[data-tab='phone_tab']",
        "smsRadio": "input[type=\"radio\"][name=\"optionType\"][value=\"sms\"]",
        "smsInput": "#phone-input",
        "carrierRadio": "input[type=\"radio\"][name=\"carrier\"][value=\"tmob\"]",
        "addSmsButton": "#alerts-contacts-panel #save-alerts-contacts",
        "smsContactList": "#phone-contacts-table",
        "changeAlertSettingsButton": "#change-alert-settings-btn2",
        "changeAlertModal": "#change-alerts-settings-panel",
        "afterHourModal": "#afterhourmodal",
        "afterHoursAlerts": "#after-hour-alerts-btn",
        "vehicleDropdown": "#change-alerts-settings-panel .select2-selection",
        "enableAlertButton": "#enable_alert",
        "vehicleOption": ".select2-results__option",
        "alertsDropdown": ".select2-selection.select2-selection--single[title='All Alerts']",
        "dayChoiceRadio": "input[type=\"radio\"][name=\"dayChoice\"][value=\"all\"]",
        "customInsightsModal": "#customInsightsData_device_setting",
        "submitButton": "#customInsightsData_device_setting .btn.btn-primary.submit"
      },
        "mileageReport":{
        "mileageReportMenu": "#mileage-report-btn",
        "mileageReportContainer": "#mileage-report-panel",
        "speed": "input[type='radio'][name='report-type'][value='speed']",
        "mileage": "input[type='radio'][name='report-type'][value='mileage']",
        "mileageReportColumns": "#mileage-report-table tbody tr td",
        "specifyTime": "#specify-time-frame",
        "viewMileageReportBtn": "#view-mileage-report-btn",
        "searchInput": "#mileage-report-search",
        "startTime": "#mileage-start-time",
        "endTime": "#mileage-end-time",
        "submitBtn": "#mileage-report-submit-btn",
        "mileageReportTable": "#mileage-report-report-ui"
      },

      "changeAlertSettings": {
        "changeAlertSettingsMenu": "#change-alerts-settings-btn",
        "changeAlertSettingsContainer": "#change-alerts-settings-panel",
        "vehicleDropdown": "#change-alerts-settings-panel #select2-device-subgroup-select-container",
        "alertsContactBUtton": "#alerts-contacts-btn-1",
        "alertsDropdown": ".select2-selection.select2-selection--single[title='All Alerts']",
        "allAlertsOption": "#select-all-alerts",
        "submitButton": "#save-alert-settings",
        "success": ".alert-success",
        "alertValue": "#alert_value_low",
        "closeButton": "#change-alerts-settings-panel .icon--close",
        "afterHourBtn": "#after-hour-alerts-btn",
        "afterHoursSettingsModal": "#after-hours-settings-panel",
        "afterHourDeviceDropdown": "#after-hours-settings-panel #select2-vehicle-select-container",
        "fromTime": "#time-input",
        "afterHoursSubmitButton": "#after-hours-settings-submit-btn"
      },
      "trackHistoryReport": {
        "submitButton": "#track-history-report-btn",
        "segmentDropdown": "#track-history-expand-btn",
        "playbackButton": "#track-history-playback-controls",
        "segmentSize": "#track-history-length",
        "sortBtn": "#track-history-sort",
        "itemNo": ".track-history__list-item-number",
        "markers": ".track-marker-circle",
        "play": "#track-history-playback-play",
        "pause": "#track-history-playback-pause",
        "stop": "#track-history-playback-stop",
        "speedDown": "#track-history-playback-speed-down",
        "speedUp": "#track-history-playback-speed-up",
        "continue": "#track-history-playback-continue",
        "restart": "#track-history-playback-restart"
      }
    },
    "testData": {
      "expectedMonth": "May 2025",
      "selectedDay": "20",
      "selectedVehicle": "Sales car1",
      "selectedVehcileMatrack": "ViewMaster Demo",
      "searchTerm": "Engine On",
      "expectedDwellTime": "2h 0m",
      "expectedTitle": "Travel Log Report",
      "geofencingAddress": "San Ramon, CA",
      "geofencingRadius": "600",
      "expectedTimezoneTitle": "Change Timezone",
      "expectedSuccessMessage": "Timezone Updated Successfully",
      "expectedSelectedTimezone": "Current Time Zone is GMT -5",
      "expectedDevListTitle": "List Of Devices",
      "geofenceName": "Test Auto Geofence",
      "landmarkName": "Test Auto Landmark(2201 Camino Ramon, San Ramon, CA 94583, United States)",
      "landmarkNameUpdated": "Test Auto Landmark Updated",
      "expectedTravelLogReportHeaders": [
        "Event Type",
        "Date",
        "Latitude",
        "Longitude",
        "Location",
        "Duration Of Stop",
        "Battery / Voltage",
        "Speed",
        "Mileage",
        "Fuel",
        "Direction"
      ],
      "expectedFleetTravelLogReportHeaders": [
      "Event Type",
      "Date",
      "Latitude",
      "Longitude",
      "Location",
      "Duration Of Stop",
      "Battery / Voltage",
      "Speed",
      "Mileage",
      "Fuel",
      "Direction",
      "Timeago"
    ]
    },
    "validation": {
      "minTableRows": 0,
      "minPaginationButtons": 1,
      "nextPage": "2"
    }
  }
}